{"test/mirex":0.6407498434118192,"train/accuracy":0.581357654003255,"val/best_accuracy":0.4146377849385368,"test/tetrads":0.26546323957673557,"train/learning_rate":3.2353354497370904e-05,"test/root":0.5999423912663188,"val/best_epoch":41,"train/loss":1.4566654559315704,"_wandb":{"runtime":12030},"val/top2_accuracy":0.5338246409674982,"test/sevenths":0.2890826901330233,"_runtime":12030,"train/top2_accuracy":0.736069849994881,"test/triads":0.5373410130171676,"_step":51,"_timestamp":1.7648714880531728e+09,"test/majmin":0.5738495645720558,"val/loss":2.565270036458969,"val/accuracy":0.41228070175438597,"test/thirds":0.5590916903290579}