{"train/quality_accuracy":0.7333831172460772,"val/loss":4.14190488932084,"val/bass_accuracy":0.5403483441987906,"val/accuracy":0.351307102702192,"val/root_accuracy":0.7724085293839759,"_wandb":{"runtime":49099},"train/bass_accuracy":0.7752253727655355,"train/learning_rate":6.634204312890622e-05,"val/best_accuracy":0.415718891723356,"_timestamp":1.7663840144992669e+09,"val/best_epoch":13,"train/root_accuracy":0.805372065530883,"train/loss":2.197903436981814,"_step":23,"_runtime":49099.616449601,"train/accuracy":0.5253751358870966,"train/top2_accuracy":0.8381816164674527,"val/top2_accuracy":0.678676244803477,"val/quality_accuracy":0.6761370346749811}