{"test/triads":0.7392317348741976,"curriculum/num_samples":219072,"train/accuracy":0.6606212163631642,"val/accuracy":0.5456582568454714,"_step":45,"test/thirds":0.7831231006356865,"curriculum/mean_difficulty":0.3153319754964017,"curriculum/min_difficulty":0,"test/tetrads":0.5885878393159136,"_runtime":39643,"train/top2_accuracy":0.8000375405075686,"test/majmin":0.7816897717597774,"train/learning_rate":3.584859224085419e-05,"test/sevenths":0.6433046168999259,"_wandb":{"runtime":39643},"test/mirex":0.7780790569388251,"train/loss":1.2155355323001602,"test/root":0.8084613986349058,"val/top2_accuracy":0.6894189228664115,"curriculum/ratio":1,"val/loss":2.0831682760464516,"val/best_accuracy":0.5586054610027212,"_timestamp":1.763768627568509e+09,"val/best_epoch":35,"curriculum/max_difficulty":1}