{"train/quality_accuracy":0.7680761834910694,"test/tetrads":0.3470301903105958,"test/majmin_wcsr":34.05112158220594,"test/sevenths_wcsr":11.347508471650995,"val/loss":4.227519560833366,"val/root_accuracy":0.7821283895502645,"test/thirds":0.5661647197165226,"_timestamp":1.7678940442348776e+09,"train/loss":1.7434956575558935,"train/learning_rate":6.30249409724609e-05,"test/majmin":0.3404923282031151,"test/mirex_wcsr":62.53508553317866,"val/best_epoch":10,"train/root_accuracy":0.8339424418565168,"test/sevenths":0.11328939388970391,"train/bass_accuracy":0.8569040962286988,"_step":20,"test/triads_wcsr":51.42535291088871,"test/triads":0.514264855582633,"test/thirds_wcsr":56.61608628340296,"_runtime":43935,"train/accuracy":0.6188095297797127,"test/tetrads_wcsr":34.703825783811574,"test/root_wcsr":65.55163746167881,"val/bass_accuracy":0.5988402305366591,"val/quality_accuracy":0.6317451459750567,"val/top2_accuracy":0.7343617134353742,"train/top2_accuracy":0.8954557095565784,"val/best_accuracy":0.4272102938397581,"test/mirex":0.6252387852869628,"val/accuracy":0.3732328869047619,"test/root":0.6553970781240789,"_wandb":{"runtime":43935}}