{"test/sevenths":0.6465463756990506,"val/top2_accuracy":0.6945786878064635,"test/triads":0.7377363800814364,"_step":42,"test/thirds":0.776798777209065,"train/accuracy":0.6613080042190033,"curriculum/ratio":1,"_wandb":{"runtime":41068},"val/best_epoch":32,"train/top2_accuracy":0.8006991497840497,"curriculum/min_difficulty":0,"test/mirex":0.7820267341696738,"test/majmin":0.7795304931267217,"_runtime":41068,"train/learning_rate":4.4012666865176535e-05,"val/best_accuracy":0.5709105232664943,"val/loss":2.016309703268656,"test/tetrads":0.5922706322514801,"train/loss":1.2199546378439758,"curriculum/num_samples":235548,"curriculum/max_difficulty":1,"test/root":0.8078695904926481,"curriculum/mean_difficulty":0.3285895681258335,"val/accuracy":0.5534200262834372,"_timestamp":1.7642031645507774e+09}