{"_timestamp":1.7647649604101868e+09,"train/top2_accuracy":0.8137349946309641,"train/loss":1.1645024365777943,"train/accuracy":0.6786649100919253,"val/best_accuracy":0.5708414196167659,"_step":28,"_wandb":{"runtime":42770},"val/accuracy":0.5596005561875869,"train/learning_rate":5.688000922764596e-05,"_runtime":42770.785376619,"val/top2_accuracy":0.7028393078884948,"val/best_epoch":21,"val/loss":1.9559603333473206}