{"val/best_epoch":14,"val/top2_accuracy":0.7070561371507125,"train/top2_accuracy":0.7882979320589439,"train/learning_rate":5.688000922764596e-05,"train/accuracy":0.6388053922875859,"train/loss":1.3888042913877958,"_timestamp":1.7657603986290357e+09,"val/best_accuracy":0.5627230549607424,"val/loss":2.309025604616512,"_wandb":{"runtime":42891},"_runtime":42891.674691467,"val/accuracy":0.5445795992280646,"_step":24}