{"val/best_epoch":2,"train/top2_accuracy":0.5989535150290518,"val/accuracy":0.5292364282090309,"_timestamp":1.7655490284176774e+09,"_wandb":{"runtime":5575},"val/loss":2.3792725738726164,"_runtime":5575.421383998,"_step":2,"train/learning_rate":0.0001,"train/accuracy":0.44536524775213426,"val/top2_accuracy":0.6637512876097351,"train/loss":2.5772466674168535,"val/best_accuracy":0.5292364282090309}