{"test/thirds":0.6205540711598121,"test/root":0.6906845725434855,"_wandb":{"runtime":93249},"val/top2_accuracy":0.7950332887565966,"train/bass_accuracy":0.8970399674596741,"train/accuracy":0.6923222315555572,"test/tetrads_wcsr":38.84428280554668,"test/majmin":0.3977432913487236,"train/learning_rate":4.6329123015975305e-05,"train/loss":1.3274396963732342,"train/quality_accuracy":0.8133018160061396,"train/top2_accuracy":0.9259017010308648,"_timestamp":1.7679900710789776e+09,"test/thirds_wcsr":62.071798911094824,"val/accuracy":0.44584046321460585,"val/bass_accuracy":0.669090826299316,"val/best_epoch":24,"test/tetrads":0.3882505589530637,"test/mirex":0.6580309808534492,"_step":34,"test/mirex_wcsr":65.82578999315602,"val/loss":4.1831030493876975,"val/best_accuracy":0.4722030494322458,"test/triads_wcsr":57.39048601655593,"test/majmin_wcsr":39.79404529281066,"_runtime":93249,"test/root_wcsr":69.0822236857344,"val/root_accuracy":0.8040097493637031,"test/sevenths_wcsr":15.59726946751766,"test/triads":0.5737129977143895,"val/quality_accuracy":0.6609567701518005,"test/sevenths":0.15559111773189738,"train/root_accuracy":0.865410049271042}