{"val/top2_accuracy":0.7234940014413498,"train/learning_rate":7.737809374999998e-05,"_runtime":32419,"train/loss":1.2155990751782946,"test/thirds":0.7886630591299203,"test/mirex":0.7957579195499065,"val/best_epoch":12,"train/top2_accuracy":0.8014590798195413,"test/root":0.8100594706697017,"_step":22,"test/tetrads":0.6013442538375396,"test/sevenths":0.6536818292138088,"_wandb":{"runtime":32419},"val/loss":1.914130745864496,"val/accuracy":0.5794632385151272,"test/majmin":0.7849082839966519,"test/triads":0.7474697203882749,"_timestamp":1.7644316225618238e+09,"val/best_accuracy":0.5879523648028036,"train/accuracy":0.6618597514763053}