{"test/majmin_wcsr":35.240123387620486,"_step":38,"_timestamp":1.7658407081788905e+09,"test/tetrads_wcsr":26.201026511148168,"train/top2_accuracy":0.8444582721116008,"val/best_accuracy":0.6133055812519272,"test/thirds":0.42354041766168976,"test/mirex_wcsr":49.065398749570235,"test/triads":0.40598353969939405,"test/sevenths_wcsr":11.487655189538147,"val/top2_accuracy":0.7579316133895228,"test/root":0.5006883326217235,"test/root_wcsr":50.06879916722905,"train/learning_rate":3.972143184582182e-05,"test/majmin":0.35240190129712196,"test/tetrads":0.26201042199450636,"test/mirex":0.4906544063960786,"test/thirds_wcsr":42.35397648122444,"train/loss":1.0510842254104213,"val/best_epoch":28,"test/triads_wcsr":40.598286198158725,"test/sevenths":0.1148763069578022,"_runtime":65925,"val/accuracy":0.6049816699215405,"train/accuracy":0.6999732682694094,"_wandb":{"runtime":65925},"val/loss":2.111361342807149}