{"val/accuracy":0.5065966939354516,"train/loss":1.1846661117448603,"curriculum/num_samples":237984,"test/root":0.7996934847744082,"test/triads":0.7309829607870066,"val/best_epoch":35,"test/tetrads":0.5827603463991481,"_timestamp":1.7642486613990045e+09,"_runtime":45465,"test/majmin":0.7725496218628818,"val/best_accuracy":0.5177651356456675,"val/top2_accuracy":0.6596602059491522,"_step":45,"curriculum/min_difficulty":0,"train/accuracy":0.6741390021862659,"val/loss":2.3024670258164406,"test/thirds":0.771676178829397,"train/learning_rate":5.133420832795048e-05,"_wandb":{"runtime":45465},"curriculum/ratio":1,"train/top2_accuracy":0.8085921353567498,"test/sevenths":0.6374422732783476,"curriculum/max_difficulty":1,"test/mirex":0.7752472801637665,"curriculum/mean_difficulty":0.3167276429979459}