{"val/loss":3.878215741138069,"val/quality_accuracy":0.6455011692176871,"val/root_accuracy":0.7853585010393046,"val/best_epoch":6,"train/root_accuracy":0.8283960803918772,"_wandb":{"runtime":37790},"val/best_accuracy":0.45330215419501135,"val/bass_accuracy":0.63682208994709,"train/loss":1.8593536720271575,"val/accuracy":0.4074812216553288,"_runtime":37790.373595182,"train/bass_accuracy":0.8427007276391612,"_step":16,"_timestamp":1.767847944322456e+09,"val/top2_accuracy":0.7567436696900982,"train/learning_rate":7.737809374999998e-05,"train/accuracy":0.5990103031281327,"train/quality_accuracy":0.7568287673701714,"train/top2_accuracy":0.8869045520153082}