{"learning_rate":8.573749999999999e-05,"best_acc":0.5471918576941408,"best_epoch":19,"_wandb":{"runtime":10204},"curriculum/mean_difficulty":0.19910371218937126,"_step":20,"loss/val":2.161575121314902,"loss/tr":1.0873651734741705,"curriculum/ratio":0.6266666666666667,"top2/val":0.6849257414325908,"curriculum/max_difficulty":0.3517273576097105,"acc/val":0.5471918576941408,"_timestamp":1.763688340550243e+09,"acc/tr":0.7111260746647702,"curriculum/min_difficulty":0,"top2/tr":0.8334731612973009,"curriculum/num_samples":137285,"_runtime":10204.704301128}