{"train/learning_rate":5.987369392383786e-05,"test/triads":0.7310248025477344,"_timestamp":1.764341597745738e+09,"val/best_epoch":33,"curriculum/max_difficulty":1,"test/root":0.8023978129052266,"val/best_accuracy":0.553512607166492,"_wandb":{"runtime":43301},"train/loss":1.190162653961386,"_step":43,"val/loss":1.9507237382424183,"curriculum/min_difficulty":0,"test/tetrads":0.580214023709771,"test/sevenths":0.6343094901481565,"curriculum/num_samples":238680,"train/top2_accuracy":0.8084429252866072,"val/accuracy":0.5534735699361276,"test/majmin":0.7732167239317321,"test/mirex":0.7750401926863026,"test/thirds":0.7728952604558671,"curriculum/mean_difficulty":0.32427268589129415,"_runtime":43301,"curriculum/ratio":1,"train/accuracy":0.6719991589544967,"val/top2_accuracy":0.6978369656546729}