{"val/best_epoch":3,"train/learning_rate":0.0001,"train/accuracy":0.18773962338088732,"_timestamp":1.764856385278844e+09,"val/accuracy":0.149291880494888,"val/best_accuracy":0.149291880494888,"train/loss":3.289323100229589,"_runtime":982.073624534,"train/top2_accuracy":0.2937842224552262,"_step":3,"_wandb":{"runtime":982},"val/loss":3.4897768795490265,"val/top2_accuracy":0.2562955006564029}