{"train/top2_accuracy":0.7959720698986847,"test/root_wcsr":81.66529192035485,"test/tetrads_wcsr":57.83949878588486,"test/thirds_wcsr":79.18425928560042,"test/root":0.8162329603639292,"test/tetrads":0.5780979621333124,"val/top2_accuracy":0.7073601528009094,"test/triads_wcsr":74.56037862384936,"test/mirex":0.7651411968175297,"_step":30,"_wandb":{"runtime":49422},"val/accuracy":0.5650296084807148,"test/sevenths":0.4681536004214526,"train/accuracy":0.6501222468239105,"test/triads":0.7452204817920552,"test/mirex_wcsr":76.55343451030508,"val/loss":2.458221732215448,"train/loss":1.324998952278196,"val/best_accuracy":0.5711066169667169,"test/sevenths_wcsr":46.83938761154822,"_timestamp":1.7655998990928702e+09,"train/learning_rate":4.4012666865176535e-05,"test/thirds":0.7914354371808107,"test/majmin_wcsr":65.29217207789222,"val/best_epoch":20,"_runtime":49422,"test/majmin":0.6525862233928515}