{"test/thirds":0.761227647020466,"_runtime":12306,"test/triads_wcsr":72.91505461340297,"test/root_wcsr":79.39612751458837,"val/best_accuracy":0.5329453840092138,"test/tetrads":0.4952115452932041,"test/sevenths_wcsr":39.49744772354251,"train/loss":1.3985534402631945,"test/mirex_wcsr":74.68247367346021,"test/mirex":0.7464407860072791,"_timestamp":1.7652980473807616e+09,"_step":28,"_wandb":{"runtime":12306},"test/triads":0.7287757256510423,"val/accuracy":0.5277626235073044,"val/loss":2.6352111021677653,"test/root":0.7935530207823823,"test/thirds_wcsr":76.16192129112818,"test/majmin_wcsr":65.18860905309985,"test/tetrads_wcsr":49.54657936668885,"val/top2_accuracy":0.6308116627265563,"train/learning_rate":6.634204312890622e-05,"test/sevenths":0.3947720745385572,"test/majmin":0.6515511271753316,"train/accuracy":0.6267228186589335,"train/top2_accuracy":0.760219470947549,"val/best_epoch":18}