{"curriculum/mean_difficulty":0.3020289239642083,"val/best_epoch":34,"_wandb":{"runtime":38379},"train/learning_rate":4.6329123015975305e-05,"val/best_accuracy":0.5245075712173878,"val/accuracy":0.5223201086739382,"test/thirds":0.7794963573303056,"val/loss":2.1520483896539018,"_runtime":38379,"val/top2_accuracy":0.6761796316273123,"curriculum/max_difficulty":1,"train/loss":1.22249093284629,"curriculum/min_difficulty":0,"train/top2_accuracy":0.7995761717481532,"_timestamp":1.7638070337620556e+09,"curriculum/ratio":1,"test/majmin":0.7889383888985104,"test/sevenths":0.6372724893357111,"test/root":0.8053309285279533,"_step":44,"train/accuracy":0.6626002052814787,"test/triads":0.7432908356205272,"test/mirex":0.7849686287812463,"curriculum/num_samples":221268,"test/tetrads":0.5819875488531373}