{"test/root":0.8075283350329298,"val/loss":1.8977600835465096,"val/best_accuracy":0.5689521401452494,"_wandb":{"runtime":32365},"test/triads":0.7417117876156032,"_timestamp":1.7647235363892236e+09,"train/accuracy":0.6607432626405638,"train/learning_rate":6.983372960937497e-05,"val/top2_accuracy":0.6992414575358004,"val/accuracy":0.5575346188383193,"train/loss":1.2409093351921412,"train/top2_accuracy":0.7989195388473571,"test/majmin":0.7838112084222937,"test/mirex":0.7932997424556271,"val/best_epoch":11,"test/sevenths":0.6562118763622323,"test/thirds":0.782488400182156,"_step":21,"_runtime":32365,"test/tetrads":0.5997312267895964}