{"_step":44,"test/sevenths":0.6255907437741365,"test/root":0.8065436594269562,"test/thirds":0.7749137933610672,"test/majmin":0.7759558780320271,"test/triads":0.7350488650342005,"curriculum/ratio":1,"val/top2_accuracy":0.6830286776295669,"val/accuracy":0.539328816430235,"train/learning_rate":5.133420832795048e-05,"test/tetrads":0.5728486175930315,"val/best_accuracy":0.5581747320049247,"train/accuracy":0.6696762665068207,"val/best_epoch":34,"curriculum/max_difficulty":1,"curriculum/num_samples":220212,"curriculum/mean_difficulty":0.3076149257952141,"test/mirex":0.7789586368970967,"curriculum/min_difficulty":0,"_runtime":39358,"_timestamp":1.7638888633352785e+09,"_wandb":{"runtime":39358},"val/loss":2.0615001304729565,"train/top2_accuracy":0.8061649430750569,"train/loss":1.1928435818599035}