{"best_acc":0.5726557815598912,"curriculum/num_samples":219072,"loss/val":2.111037130418577,"_step":43,"_runtime":37171.057335972,"learning_rate":4.876749791155295e-05,"acc/val":0.5539854404009655,"curriculum/mean_difficulty":0.3153319754964017,"curriculum/ratio":1,"_wandb":{"runtime":37171},"curriculum/min_difficulty":0,"loss/tr":1.1951690744086403,"best_epoch":33,"top2/val":0.692003751364482,"acc/tr":0.665197337455773,"curriculum/max_difficulty":1,"_timestamp":1.7637257009011629e+09,"top2/tr":0.8039094706560197}