{"train/accuracy":0.6845634502661866,"test/thirds":0.7819494039087833,"_runtime":43416,"_step":29,"test/majmin":0.7828148252458864,"val/top2_accuracy":0.6686493498857063,"train/loss":1.1419544991626533,"val/accuracy":0.5263114374545214,"test/sevenths":0.6562152888890121,"_timestamp":1.7644750691057174e+09,"train/top2_accuracy":0.8173899957171101,"test/root":0.8086621221882044,"test/mirex":0.7944473728872249,"_wandb":{"runtime":43416},"val/best_accuracy":0.5416234849654179,"val/best_epoch":19,"val/loss":2.241524116694927,"train/learning_rate":5.987369392383786e-05,"test/triads":0.7426081926242009,"test/tetrads":0.6018572674451189}