{"test/thirds":0.7784761543388414,"curriculum/min_difficulty":0,"test/sevenths":0.633555374413804,"_wandb":{"runtime":42611},"val/loss":1.9506407413217757,"curriculum/ratio":1,"_step":47,"curriculum/mean_difficulty":0.30788041235408486,"test/mirex":0.7954169386953875,"train/learning_rate":3.972143184582182e-05,"test/tetrads":0.5799849798806268,"train/loss":1.1976574908703377,"val/best_accuracy":0.5660485763359702,"curriculum/num_samples":221772,"train/top2_accuracy":0.8052194162038958,"test/majmin":0.7791829236688884,"test/triads":0.7380997047302317,"_runtime":42611,"val/best_epoch":37,"train/accuracy":0.6664698512519698,"val/accuracy":0.5542875228810348,"curriculum/max_difficulty":1,"test/root":0.8000796164013941,"val/top2_accuracy":0.6910838554644346,"_timestamp":1.763931501148103e+09}