{"val/accuracy":0.5555122327772264,"train/loss":1.1375594921744985,"test/triads":0.7435930468361183,"_step":47,"_wandb":{"runtime":49571},"train/accuracy":0.6836377670413402,"curriculum/ratio":1,"curriculum/max_difficulty":1,"curriculum/min_difficulty":0,"curriculum/mean_difficulty":0.3180518614748636,"val/top2_accuracy":0.6928631630354302,"test/majmin":0.7837266765328548,"_timestamp":1.7642982646054041e+09,"test/root":0.8043656868790492,"val/best_epoch":37,"train/top2_accuracy":0.8178272455773407,"_runtime":49571,"test/tetrads":0.5955259975182262,"val/loss":2.0300482334317387,"test/thirds":0.7818509250797303,"train/learning_rate":5.4036008766263664e-05,"test/mirex":0.8020929659814859,"val/best_accuracy":0.558720087590781,"curriculum/num_samples":242028,"test/sevenths":0.6508949089688356}