{"test/sevenths":0.6496301188852499,"curriculum/min_difficulty":0,"train/learning_rate":4.876749791155295e-05,"train/top2_accuracy":0.8127074030003506,"_timestamp":1.76384947942912e+09,"test/triads":0.740969714281529,"test/thirds":0.7809073046013696,"val/accuracy":0.5322729814599734,"train/loss":1.1567689187824726,"val/best_epoch":36,"curriculum/max_difficulty":1,"_step":46,"test/tetrads":0.5945997870608668,"curriculum/ratio":1,"_wandb":{"runtime":42418},"val/loss":2.184918075799942,"test/mirex":0.7916096432557529,"curriculum/num_samples":225228,"test/majmin":0.7819206252697598,"_runtime":42418,"train/accuracy":0.6772856591740123,"test/root":0.8069888708043573,"curriculum/mean_difficulty":0.3048560204091227,"val/top2_accuracy":0.6748806297586786,"val/best_accuracy":0.5437475803329462}