{"test/mirex_wcsr":76.05078291404568,"test/triads":0.7376815832204834,"_wandb":{"runtime":33863},"train/learning_rate":7.350918906249998e-05,"_step":20,"train/top2_accuracy":0.7790669938533635,"val/loss":2.5382840236028037,"val/best_epoch":10,"test/tetrads":0.5895065977439692,"test/triads_wcsr":73.80609935306282,"val/top2_accuracy":0.6452435796407427,"test/sevenths_wcsr":48.03560697745976,"val/best_accuracy":0.5336576347214645,"test/thirds":0.7851684031164269,"train/accuracy":0.6315910749779435,"_timestamp":1.765420601340104e+09,"test/mirex":0.7601168264536863,"test/majmin":0.6457247951831951,"test/thirds_wcsr":78.55723229265425,"train/loss":1.4014001546259856,"test/root":0.8104878408229411,"test/tetrads_wcsr":58.980951791213485,"_runtime":33863,"test/majmin_wcsr":64.60567476456474,"test/root_wcsr":81.09048336713136,"val/accuracy":0.5258430825806713,"test/sevenths":0.48010961822348713}