{"val/best_epoch":7,"train/top2_accuracy":0.8196764515824023,"train/quality_accuracy":0.7213649777226132,"test/sevenths":0.15716037742973796,"test/triads_wcsr":52.22567083565356,"test/root_wcsr":63.89198047894631,"test/mirex":0.6538167266207895,"test/triads":0.5220298373336837,"_step":17,"test/sevenths_wcsr":15.755502484667922,"train/loss":2.373511998016481,"test/tetrads":0.3750095903387035,"train/root_accuracy":0.7989066867682927,"test/tetrads_wcsr":37.52579932210335,"_timestamp":1.7665254010863986e+09,"val/accuracy":0.3423549107142857,"test/thirds_wcsr":55.559417299756255,"test/majmin":0.38052808562926765,"test/root":0.6387376729851664,"_wandb":{"runtime":34314},"val/root_accuracy":0.7798357190098262,"val/best_accuracy":0.40831384637188206,"train/accuracy":0.4878541030981474,"val/top2_accuracy":0.6729969765684052,"val/loss":3.9437935595609703,"train/learning_rate":7.737809374999998e-05,"val/quality_accuracy":0.6800550949546486,"test/majmin_wcsr":38.07323566155197,"test/thirds":0.5553924974170057,"val/bass_accuracy":0.5069311578798186,"test/mirex_wcsr":65.41191608966733,"_runtime":34314,"train/bass_accuracy":0.7338250604798793}