{"curriculum/ratio":1,"train/accuracy":0.6567630376653285,"test/majmin":0.7844703182997715,"curriculum/max_difficulty":1,"train/learning_rate":6.30249409724609e-05,"curriculum/min_difficulty":0,"test/thirds":0.7842777842339917,"val/best_accuracy":0.5785819954864178,"curriculum/mean_difficulty":0.32280987235162106,"curriculum/num_samples":239568,"_runtime":37942,"val/best_epoch":30,"val/accuracy":0.5538931533938667,"test/sevenths":0.6435012678290487,"_step":40,"train/loss":1.2500749830252085,"val/top2_accuracy":0.6941689498750839,"test/mirex":0.7877349610763134,"test/root":0.8108553177096046,"test/tetrads":0.5894106151823943,"test/triads":0.74314271367576,"_wandb":{"runtime":37942},"train/top2_accuracy":0.7965021065696031,"val/loss":1.8451591668984828,"_timestamp":1.764379569703961e+09}